{
  "model": "AIA+HMI Fusion",
  "n_flares": 33,
  "n_predictions": 99,
  "raw_correlation": 0.9267697930335999,
  "corrected_correlation": 0.9267697334289551,
  "r2": 0.8572415709495544,
  "mae": 4.409416305861669e-06,
  "relative_error_pct": 5.002540588378906,
  "linear_fit": {
    "slope": 0.9638496041297913,
    "intercept": 2.877604856621474e-06
  }
}