{
  "model": "AIA+HMI Fusion",
  "horizons": {
    "T0_0h": {
      "mae": 4.341241947258823e-06,
      "mae_scaled_1e5": 0.43412419472588226
    },
    "T1_24h": {
      "mae": 4.038044608023483e-06,
      "mae_scaled_1e5": 0.40380446080234833
    },
    "T2_48h": {
      "mae": 4.8489623623027e-06,
      "mae_scaled_1e5": 0.48489623623027
    }
  }
}